Usuário,Tipo,Nome,Logins,Último Login
fia_admin,admin,Admin,16,2025-06-11 01:59:40.881406
usp_c,constructor,USP,6,2025-06-11 01:31:39.455694
lewis_hamilton,driver,Lewis Hamilton,4,2025-06-11 01:48:35.431777
root,admin,Admin,3,2025-06-08 18:55:22.080837
usp_d,driver,usp usp,2,2025-06-11 01:48:05.621133
f1_fan_br,user,Admin,1,2025-06-11 01:54:34.258943
a13688162,admin,Admin,1,2025-06-11 01:51:03.961529
scuderia_ferrari,constructor,Ferrari,1,2025-06-11 01:46:36.639296
mclaren_team,constructor,McLaren,0,
fernando_alonso,driver,Fernando Alonso,0,
